state,City,Store Name,store_id,Address,Phone,url
California,Palo Alto,Palo Alto,10005,774 Emerson St,(650) 326-8676,https://www.wholefoodsmarket.com/stores/paloalto
California,Berkeley,Berkeley,10006,3000 Telegraph Ave,(510) 649-1333,https://www.wholefoodsmarket.com/stores/berkeley
North Carolina,Chapel Hill,Chapel Hill,10008,81 S Elliot Rd,(919) 968-1983,https://www.wholefoodsmarket.com/stores/chapelhill
California,Mill Valley,Mill Valley,10009,414 Miller Ave,(415) 381-1200,https://www.wholefoodsmarket.com/stores/millvalley
Massachusetts,Cambridge,Prospect Street,10010,115 Prospect St,(617) 492-0070,https://www.wholefoodsmarket.com/stores/prospectstreet
Massachusetts,Hadley,Hadley,10012,327 Russell St,(413) 586-9932,https://www.wholefoodsmarket.com/stores/hadley
Massachusetts,Newton,Newton,10013,916 Walnut St,(617) 969-1141,https://www.wholefoodsmarket.com/stores/newton
Rhode Island,Providence,Providence,10014,261 Waterman St,(401) 272-1690,https://www.wholefoodsmarket.com/stores/providence
Massachusetts,Brighton,Brighton,10015,15 Washington St,(617) 738-8187,https://www.wholefoodsmarket.com/stores/brighton
North Carolina,Raleigh,Raleigh,10016,3540 Wade Ave,(919) 828-5805,https://www.wholefoodsmarket.com/stores/raleigh
California,Beverly Hills,Beverly Hills,10022,239 N Crescent Dr,(310) 274-3360,https://www.wholefoodsmarket.com/stores/beverlyhills
California,Redondo Beach,Redondo Beach,10024,405 N Pacific Coast Hwy,(310) 376-6931,https://www.wholefoodsmarket.com/stores/redondobeach
Massachusetts,Cambridge,Fresh Pond,10026,200 Alewife Brook Pkwy,(617) 491-0040,https://www.wholefoodsmarket.com/stores/freshpond
California,Los Gatos,Los Gatos,10027,15980 Los Gatos Blvd,(408) 358-4434,https://www.wholefoodsmarket.com/stores/losgatos
Illinois,River Forest,River Forest,10029,7245 Lake St,(708) 366-1045,https://www.wholefoodsmarket.com/stores/riverforest
Texas,Plano,Plano,10030,2201 Preston Rd,(972) 612-6729,https://www.wholefoodsmarket.com/stores/plano
Massachusetts,Boston,Symphony,10031,15 Westland Ave,(617) 375-1010,https://www.wholefoodsmarket.com/stores/symphony
California,Campbell,Campbell,10033,1690 S Bascom Ave,(408) 371-5000,https://www.wholefoodsmarket.com/stores/campbell
Texas,Austin,Gateway,10036,9607 Research Blvd,(512) 345-5003,https://www.wholefoodsmarket.com/stores/gateway
California,Sherman Oaks,Sherman Oaks West,10038,4520 N Sepulveda Blvd,(818) 382-3700,https://www.wholefoodsmarket.com/stores/shermanoakswest
North Carolina,Durham,Durham,10041,621 Broad St,(919) 286-2290,https://www.wholefoodsmarket.com/stores/durham
Virginia,Arlington,Arlington VA,10042,2700 Wilson Blvd,(703) 527-6596,https://www.wholefoodsmarket.com/stores/arlingtonva
California,San Francisco,Franklin,10044,1765 California St,(415) 674-0500,https://www.wholefoodsmarket.com/stores/franklin
California,Los Angeles,West Los Angeles,10045,11666 National Blvd,(310) 996-8840,https://www.wholefoodsmarket.com/stores/westlosangeles
Maryland,Bethesda,Bethesda,10048,5269 River Rd,(301) 984-4860,https://www.wholefoodsmarket.com/stores/bethesda
Pennsylvania,Wayne,Devon,10053,821 Lancaster Ave,(610) 688-9400,https://www.wholefoodsmarket.com/stores/devon
Connecticut,Greenwich,Greenwich,10057,90 E Putnam Ave,(203) 661-0631,https://www.wholefoodsmarket.com/stores/greenwich
New Jersey,Montclair,Montclair,10059,701 Bloomfield Ave,(973) 746-5110,https://www.wholefoodsmarket.com/stores/montclair
Virginia,Reston,Reston,10061,11660 Plaza America Dr,(703) 736-0600,https://www.wholefoodsmarket.com/stores/reston
District of Columbia,Washington,Tenleytown,10062,4530 40th St NW,(202) 237-5800,https://www.wholefoodsmarket.com/stores/tenleytown
New York,Manhasset,Manhasset,10063,2101 Northern Blvd,(516) 869-8900,https://www.wholefoodsmarket.com/stores/manhasset
Maryland,Baltimore,Mt. Washington,10064,1330 Smith Ave,(410) 532-6700,https://www.wholefoodsmarket.com/stores/mt.washington
Virginia,Vienna,Vienna,10065,143 Maple Ave E,(703) 319-2000,https://www.wholefoodsmarket.com/stores/vienna
California,La Jolla,La Jolla,10066,8825 Villa La Jolla Dr,(858) 642-6700,https://www.wholefoodsmarket.com/stores/lajolla
California,San Rafael,San Rafael,10071,340 3rd St,(415) 451-6333,https://www.wholefoodsmarket.com/stores/sanrafael
California,San Diego,Hillcrest,10072,711 University Ave,(619) 294-2800,https://www.wholefoodsmarket.com/stores/hillcrest
California,Los Angeles,Brentwood,10074,11737 San Vicente Blvd,(310) 826-4433,https://www.wholefoodsmarket.com/stores/brentwood
Texas,San Antonio,Alamo Quarry,10075,255 E Basse Rd,(210) 826-4676,https://www.wholefoodsmarket.com/stores/alamoquarry
Illinois,Evanston,Downtown Evanston,10076,1640 Chicago Ave,(847) 733-1600,https://www.wholefoodsmarket.com/stores/downtownevanston
Colorado,Boulder,Pearl,10083,2905 Pearl St,(303) 545-6611,https://www.wholefoodsmarket.com/stores/pearl
New Jersey,Marlton,Marlton,10086,940 Rt 73 N,(856) 797-1115,https://www.wholefoodsmarket.com/stores/marlton
California,Monterey,Monterey,10087,800 Del Monte Center,(831) 333-1600,https://www.wholefoodsmarket.com/stores/monterey
Florida,Coral Springs,Coral Springs,10088,810 University Dr,(954) 796-5800,https://www.wholefoodsmarket.com/stores/coralsprings
Massachusetts,Bedford,Bedford,10090,170 Great Rd,(781) 275-8264,https://www.wholefoodsmarket.com/stores/bedford
Massachusetts,Bellingham,Bellingham,10091,255 Hartford Ave,(508) 966-3331,https://www.wholefoodsmarket.com/stores/bellingham
Massachusetts,Newton,Newtonville,10092,647 Washington St,(617) 965-2070,https://www.wholefoodsmarket.com/stores/newtonville
Colorado,Denver,Cherry Creek,10095,2375 E 1st Ave,(720) 941-4100,https://www.wholefoodsmarket.com/stores/cherrycreek
Florida,Aventura,Aventura,10096,21105 Biscayne Blvd,(305) 682-4400,https://www.wholefoodsmarket.com/stores/aventura
Texas,Arlington,Parkway,10098,801 E Lamar,(817) 461-9362,https://www.wholefoodsmarket.com/stores/parkway
California,Woodland Hills,Woodland Hills,10099,21347 Ventura Blvd,(818) 610-0000,https://www.wholefoodsmarket.com/stores/woodlandhills
Pennsylvania,Jenkintown,Jenkintown,10100,1575 The Fairway,(215) 481-0800,https://www.wholefoodsmarket.com/stores/jenkintown
California,Walnut Creek,Walnut Creek,10101,1333 Newell Ave,(925) 274-9700,https://www.wholefoodsmarket.com/stores/walnutcreek
New Jersey,Edgewater,Edgewater,10102,905 River Rd,(201) 941-4000,https://www.wholefoodsmarket.com/stores/edgewater
Washington,Seattle,Roosevelt Square,10103,1026 NE 64th St,(206) 985-1500,https://www.wholefoodsmarket.com/stores/rooseveltsquare
New Mexico,Santa Fe,Santa Fe (Cerrillos),10104,753 Cerrillos Rd,(505) 992-1700,https://www.wholefoodsmarket.com/stores/santafe(cerrillos)
California,Torrance,Torrance,10105,2655 Pacific Coast Hwy,(310) 257-8700,https://www.wholefoodsmarket.com/stores/torrance
New Jersey,Ridgewood,Ridgewood,10106,44 Godwin Ave,(201) 670-0383,https://www.wholefoodsmarket.com/stores/ridgewood
California,Pasadena,Pasadena,10108,3751 E Foothill Blvd,(626) 351-5994,https://www.wholefoodsmarket.com/stores/pasadena
California,West Hollywood,West Hollywood,10109,7871 Santa Monica Blvd,(323) 848-4200,https://www.wholefoodsmarket.com/stores/westhollywood
North Carolina,Winston-Salem,Winston-Salem,10110,41 Miller St,(336) 722-9233,https://www.wholefoodsmarket.com/stores/winston-salem
Rhode Island,Providence,University,10111,601 N Main St,(401) 621-5990,https://www.wholefoodsmarket.com/stores/university
Pennsylvania,Philadelphia,South Street,10112,929 South St,(215) 733-9788,https://www.wholefoodsmarket.com/stores/southstreet
Massachusetts,Cambridge,River Street,10113,340 River St,(617) 876-6990,https://www.wholefoodsmarket.com/stores/riverstreet
Texas,Houston,Kirby,10115,2955 Kirby Dr,(713) 520-1937,https://www.wholefoodsmarket.com/stores/kirby
Illinois,Deerfield,Deerfield,10116,760 Waukegan Rd,(847) 444-1900,https://www.wholefoodsmarket.com/stores/deerfield
Florida,Fort Lauderdale,Fort Lauderdale,10117,2000 N Federal Hwy,(954) 398-2000,https://www.wholefoodsmarket.com/stores/fortlauderdale
Maryland,Silver Spring,Silver Spring,10118,833 Wayne Ave,(301) 608-9373,https://www.wholefoodsmarket.com/stores/silverspring
Minnesota,Minneapolis,Uptown Minneapolis,10119,3060 Excelsior Blvd,(612) 927-8141,https://www.wholefoodsmarket.com/stores/uptownminneapolis
Michigan,West Bloomfield,West Bloomfield,10120,7350 Orchard Lake Rd,(248) 538-4600,https://www.wholefoodsmarket.com/stores/westbloomfield
California,Fresno,Fresno,10122,650 W Shaw Ave,(559) 241-0300,https://www.wholefoodsmarket.com/stores/fresno
California,San Ramon,San Ramon,10126,100 Sunset Dr,(925) 355-9000,https://www.wholefoodsmarket.com/stores/sanramon
Illinois,Naperville,Naperville,10129,2607 W 75th St,(630) 579-7700,https://www.wholefoodsmarket.com/stores/naperville
Florida,Boca Raton,Boca Raton,10130,1400 Glades Rd,(561) 447-0000,https://www.wholefoodsmarket.com/stores/bocaraton
New York,New York,Chelsea,10131,250 7th Ave,(212) 924-5969,https://www.wholefoodsmarket.com/stores/chelsea
North Carolina,Cary,Cary,10132,102B New Waverly Pl,(919) 816-8830,https://www.wholefoodsmarket.com/stores/cary
Texas,Houston,Bellaire,10134,4004 Bellaire Blvd,(713) 667-4090,https://www.wholefoodsmarket.com/stores/bellaire
District of Columbia,Washington,P Street,10135,1440 P Street NW,(202) 332-4300,https://www.wholefoodsmarket.com/stores/pstreet
Georgia,Atlanta,Sandy Springs,10136,5930 Roswell Rd,(404) 236-0810,https://www.wholefoodsmarket.com/stores/sandysprings
California,Sebastopol,Sebastopol,10137,6910 McKinley St,(707) 829-9801,https://www.wholefoodsmarket.com/stores/sebastopol
California,Petaluma,Petaluma,10138,621 E Washington St,(707) 762-9352,https://www.wholefoodsmarket.com/stores/petaluma
California,Santa Rosa,Santa Rosa,10139,1181 Yulupa Ave,(707) 575-7915,https://www.wholefoodsmarket.com/stores/santarosa
Texas,Highland Park,Highland Park,10140,4100 Lomo Alto Dr,(214) 520-7993,https://www.wholefoodsmarket.com/stores/highlandpark
Colorado,Highlands Ranch,Highlands Ranch,10142,9366 S Colorado Blvd,(303) 470-6003,https://www.wholefoodsmarket.com/stores/highlandsranch
Louisiana,New Orleans,Arabella Station,10143,5600 Magazine St,(504) 899-9119,https://www.wholefoodsmarket.com/stores/arabellastation
New Mexico,Albuquerque,Academy,10144,5815 Wyoming Blvd NE,(505) 856-0474,https://www.wholefoodsmarket.com/stores/academy
Texas,Austin,Lamar,10145,525 N Lamar Blvd,(512) 542-2200,https://www.wholefoodsmarket.com/stores/lamar
Colorado,Colorado Springs,Pikes Peak,10146,7635 N Academy Blvd,(719) 531-9999,https://www.wholefoodsmarket.com/stores/pikespeak
Colorado,Fort Collins,Fort Collins,10147,2201 S College Ave,(970) 267-9200,https://www.wholefoodsmarket.com/stores/fortcollins
Oregon,Portland,Pearl District Portland,10148,1210 NW Couch St,(503) 525-4343,https://www.wholefoodsmarket.com/stores/pearldistrictportland
California,San Mateo,San Mateo,10150,1010 Park Pl,(650) 358-6900,https://www.wholefoodsmarket.com/stores/sanmateo
California,San Francisco,SoMa,10151,399 4th St,(415) 618-0066,https://www.wholefoodsmarket.com/stores/soma
California,Sacramento,Sacramento,10152,4315 Arden Way,(916) 488-2800,https://www.wholefoodsmarket.com/stores/sacramento
Washington,Bellevue,Bellevue,10153,888 116th Ave NE,(425) 462-1400,https://www.wholefoodsmarket.com/stores/bellevue
California,Redwood City,Redwood City,10154,1250 Jefferson Ave,(650) 367-1400,https://www.wholefoodsmarket.com/stores/redwoodcity
California,Los Altos,Los Altos,10155,4800 El Camino Real,(650) 559-0300,https://www.wholefoodsmarket.com/stores/losaltos
Massachusetts,Framingham,Framingham,10156,575 Worcester Rd,(508) 628-9525,https://www.wholefoodsmarket.com/stores/framingham
New Jersey,Madison,Rose City,10157,222 Main St,(973) 822-8444,https://www.wholefoodsmarket.com/stores/rosecity
Massachusetts,Boston,Charles River Plaza,10158,181 Cambridge St,(617) 723-0004,https://www.wholefoodsmarket.com/stores/charlesriverplaza
Massachusetts,Hingham,Hingham,10159,94 Derby St,(781) 741-8050,https://www.wholefoodsmarket.com/stores/hingham
New York,New York,Columbus Circle,10160,10 Columbus Cir,(212) 823-9600,https://www.wholefoodsmarket.com/stores/columbuscircle
New York,Jericho,Jericho,10161,429 North Broadway,(516) 932-1733,https://www.wholefoodsmarket.com/stores/jericho
New York,New York,Union Square,10162,4 Union Square S,(212) 673-5388,https://www.wholefoodsmarket.com/stores/unionsquare
New York,White Plains,White Plains,10163,110 Bloomingdale Rd,(914) 288-1300,https://www.wholefoodsmarket.com/stores/whiteplains
Missouri,St. Louis,Galleria,10166,1601 S Brentwood Blvd,(314) 968-7744,https://www.wholefoodsmarket.com/stores/galleria
Michigan,Ann Arbor,Ann Arbor,10167,3135 Washtenaw Ave,(734) 975-4500,https://www.wholefoodsmarket.com/stores/annarbor
Ontario,Toronto,Yorkville,10168,87 Avenue Rd,(416) 944-0500,https://www.wholefoodsmarket.com/stores/yorkville
Nebraska,Omaha,Omaha,10169,10020 Regency Cir,(402) 393-1200,https://www.wholefoodsmarket.com/stores/omaha
Illinois,Chicago,Sauganash,10170,6020 N Cicero Ave,(773) 205-1100,https://www.wholefoodsmarket.com/stores/sauganash
Illinois,Chicago,South Loop,10171,1101 S Canal St,(312) 435-4600,https://www.wholefoodsmarket.com/stores/southloop
California,Santa Monica,23rd & Wilshire Blvd,10173,2201 Wilshire Blvd,(310) 315-0662,https://www.wholefoodsmarket.com/stores/23rd&wilshireblvd
Nevada,Las Vegas,Fort Apache,10174,8855 W Charleston Blvd,(702) 254-8655,https://www.wholefoodsmarket.com/stores/fortapache
California,Los Angeles,Westwood,10176,1050 S Gayley Ave,(310) 824-0858,https://www.wholefoodsmarket.com/stores/westwood
California,Los Angeles,3rd & Fairfax,10177,6350 W 3rd St,(323) 964-6800,https://www.wholefoodsmarket.com/stores/3rd&fairfax
California,Santa Clarita,Valencia,10178,24130 Valencia Blvd,(661) 260-2377,https://www.wholefoodsmarket.com/stores/valencia
California,Glendale,Glendale,10179,331 N Glendale Ave,(818) 548-3695,https://www.wholefoodsmarket.com/stores/glendale
Maryland,Gaithersburg,Kentlands,10180,316 Kentlands Blvd,(301) 258-9500,https://www.wholefoodsmarket.com/stores/kentlands
Virginia,Alexandria,Old Town,10185,1700 Duke St,(703) 706-0891,https://www.wholefoodsmarket.com/stores/oldtown
Kentucky,Louisville,Louisville,10186,4944 Shelbyville Rd,(502) 899-5545,https://www.wholefoodsmarket.com/stores/louisville
New Jersey,Princeton,Princeton,10187,3495 US Rt 1 S,(609) 799-2919,https://www.wholefoodsmarket.com/stores/princeton
Florida,Palm Beach Gardens,Palm Beach Gardens,10188,11701 Lake Victoria Gardens Ave,(561) 691-8550,https://www.wholefoodsmarket.com/stores/palmbeachgardens
Florida,Sarasota,Sarasota,10189,1451 1st St,(941) 316-4700,https://www.wholefoodsmarket.com/stores/sarasota
Florida,Coral Gables,Coral Gables,10190,6701 Red Rd,(305) 421-9421,https://www.wholefoodsmarket.com/stores/coralgables
Florida,Miami,Downtown Miami,10191,299 SE 3rd Ave,(305) 995-0600,https://www.wholefoodsmarket.com/stores/downtownmiami
Florida,Naples,Naples,10192,9101 Strada Pl,(239) 552-5100,https://www.wholefoodsmarket.com/stores/naples
Florida,Pembroke Pines,Pembroke Pines,10193,14956 Pines Blvd,(954) 392-3500,https://www.wholefoodsmarket.com/stores/pembrokepines
Florida,Orlando,Orlando,10194,8003 Turkey Lake Rd,(407) 355-7100,https://www.wholefoodsmarket.com/stores/orlando
Florida,Wellington,Wellington,10195,2635 FL-7,(561) 904-4000,https://www.wholefoodsmarket.com/stores/wellington
Georgia,Atlanta,Ponce de Leon,10196,650 Ponce de Leon Ave NE,(404) 853-1681,https://www.wholefoodsmarket.com/stores/poncedeleon
Wisconsin,Milwaukee,Milwaukee,10197,2305 N Prospect Ave,(414) 223-1500,https://www.wholefoodsmarket.com/stores/milwaukee
Louisiana,Baton Rouge,Baton Rouge,10198,7529 Corporate Blvd,(225) 218-0452,https://www.wholefoodsmarket.com/stores/batonrouge
Ohio,University Heights,Cedar Center,10199,13998 Cedar Rd,(216) 932-3918,https://www.wholefoodsmarket.com/stores/cedarcenter
South Carolina,Mount Pleasant,Charleston,10201,923 Houston Northcutt Blvd,(843) 971-7240,https://www.wholefoodsmarket.com/stores/charleston
Louisiana,Metairie,Veterans,10202,3420 Veterans Memorial Blvd,(504) 888-8225,https://www.wholefoodsmarket.com/stores/veterans
Illinois,Chicago,Halsted and Waveland,10203,3640 N Halsted St,(773) 472-0400,https://www.wholefoodsmarket.com/stores/halstedandwaveland
California,Thousand Oaks,Thousand Oaks,10204,740 North Moorpark Rd,(805) 777-4730,https://www.wholefoodsmarket.com/stores/thousandoaks
Virginia,Charlottesville,Charlottesville,10205,1797 Hydraulic Rd,(434) 973-4900,https://www.wholefoodsmarket.com/stores/charlottesville
Georgia,Atlanta,Buckhead,10206,77 West Paces Ferry Rd NW,(404) 324-4100,https://www.wholefoodsmarket.com/stores/buckhead
Colorado,Denver,Tamarac,10207,7400 E Hampden Ave,(303) 488-2000,https://www.wholefoodsmarket.com/stores/tamarac
Alabama,Birmingham,Mountain Brook,10209,3100 Cahaba Village Plaza,(205) 912-8400,https://www.wholefoodsmarket.com/stores/mountainbrook
Maryland,Chevy Chase,Friendship Heights,10211,4420 Willard Ave,(301) 657-1520,https://www.wholefoodsmarket.com/stores/friendshipheights
British Columbia,West Vancouver,West Vancouver,10212,925 Main St,(604) 678-0500,https://www.wholefoodsmarket.com/stores/westvancouver
New Jersey,Red Bank,Middletown,10213,471 St Rt 35 N,(732) 758-1688,https://www.wholefoodsmarket.com/stores/middletown
Ohio,Columbus,Columbus,10214,3670 W Dublin-Granville Rd,(614) 760-5556,https://www.wholefoodsmarket.com/stores/columbus
Georgia,Duluth,Johns Creek,10215,5945 State Bridge Rd,(678) 514-2400,https://www.wholefoodsmarket.com/stores/johnscreek
Washington,Seattle,Westlake,10216,2210 Westlake Ave,(206) 621-9700,https://www.wholefoodsmarket.com/stores/westlake
Connecticut,West Hartford,West Hartford,10217,50 Raymond Rd,(860) 523-8500,https://www.wholefoodsmarket.com/stores/westhartford
Colorado,Lakewood,Belmar,10218,444 S Wadsworth Blvd,(303) 935-5000,https://www.wholefoodsmarket.com/stores/belmar
Nevada,Henderson,Henderson,10219,100 S Green Valley Pkwy,(702) 361-8183,https://www.wholefoodsmarket.com/stores/henderson
New York,Brooklyn,Third and 3rd (Brooklyn),10220,214 3rd St ,(718) 907-3622,https://www.wholefoodsmarket.com/stores/thirdand3rd(brooklyn)
California,Oakland,Oakland,10221,230 Bay Pl,(510) 834-9800,https://www.wholefoodsmarket.com/stores/oakland
Massachusetts,Swampscott,Swampscott,10222,331 Paradise Rd,(781) 592-2200,https://www.wholefoodsmarket.com/stores/swampscott
Virginia,Fairfax,Fair Lakes,10223,4501 Market Commons Dr,(703) 222-2058,https://www.wholefoodsmarket.com/stores/fairlakes
South Carolina,Greenville,Greenville,10224,1140 Woodruff Rd,(864) 335-2300,https://www.wholefoodsmarket.com/stores/greenville
California,El Segundo,Plaza El Segundo,10225,760 S Sepulveda Blvd,(310) 333-1900,https://www.wholefoodsmarket.com/stores/plazaelsegundo
Ontario,Oakville,Oakville,10226,301 Cornwall Rd,(905) 849-8400,https://www.wholefoodsmarket.com/stores/oakville
Texas,Dallas,Forest,10227,11700 Preston Rd,(214) 361-8887,https://www.wholefoodsmarket.com/stores/forest
Maryland,Annapolis,Annapolis,10228,200 Harker Pl,(410) 573-1800,https://www.wholefoodsmarket.com/stores/annapolis
California,Roseville,Roseville,10230,1001 Galleria Blvd,(916) 781-5300,https://www.wholefoodsmarket.com/stores/roseville
California,Tustin,Jamboree,10231,2847 Park Ave,(714) 566-7650,https://www.wholefoodsmarket.com/stores/jamboree
Massachusetts,Woburn,Woburn,10233,400 Cambridge Rd,(781) 376-9600,https://www.wholefoodsmarket.com/stores/woburn
California,Novato,Novato,10234,790 De Long Ave,(415) 878-0455,https://www.wholefoodsmarket.com/stores/novato
Maryland,Rockville,Rockville,10235,11355 Woodglen Dr,(301) 984-4880,https://www.wholefoodsmarket.com/stores/rockville
New York,New York,Bowery,10236,95 East Houston St,(212) 420-1320,https://www.wholefoodsmarket.com/stores/bowery
California,Pasadena,Arroyo,10237,465 S Arroyo Pkwy,(626) 204-2266,https://www.wholefoodsmarket.com/stores/arroyo
California,San Francisco,Potrero Hill,10238,450 Rhode Island St,(415) 552-1155,https://www.wholefoodsmarket.com/stores/potrerohill
Texas,Dallas,Park Lane,10239,8190 Park Ln,(214) 342-4850,https://www.wholefoodsmarket.com/stores/parklane
New York,Lake Grove,Lake Grove,10240,120 New Moriches Rd,(631) 588-1466,https://www.wholefoodsmarket.com/stores/lakegrove
Tennessee,Nashville,Green Hills,10241,4021 Hillsboro Pike,(615) 440-5100,https://www.wholefoodsmarket.com/stores/greenhills
Pennsylvania,Upper St. Clair,South Hills,10242,111 Siena Dr,(412) 409-4550,https://www.wholefoodsmarket.com/stores/southhills
Oregon,Portland,Hollywood,10243,4301 NE Sandy Blvd,(503) 284-2644,https://www.wholefoodsmarket.com/stores/hollywood
Illinois,Northbrook,Northbrook,10244,840 Willow Rd,(847) 205-5353,https://www.wholefoodsmarket.com/stores/northbrook
New York,New York,Tribeca,10245,270 Greenwich St,(212) 349-6555,https://www.wholefoodsmarket.com/stores/tribeca
Arizona,Phoenix,Scottsdale,10246,7111 E Mayo Blvd,(480) 515-3777,https://www.wholefoodsmarket.com/stores/scottsdale
British Columbia,Vancouver,Cambie,10248,510 W 8th Ave,(778) 370-4210,https://www.wholefoodsmarket.com/stores/cambie
Pennsylvania,Plymouth Meeting,Plymouth Meeting,10249,500 W Germantown Pike,(610) 832-0010,https://www.wholefoodsmarket.com/stores/plymouthmeeting
Texas,Houston,Post Oak,10251,1700 Post Oak Blvd,(713) 346-0537,https://www.wholefoodsmarket.com/stores/postoak
Illinois,Chicago,Lincoln Park,10252,1550 N Kingsbury St,(312) 587-0648,https://www.wholefoodsmarket.com/stores/lincolnpark
Florida,Jacksonville,Jacksonville,10253,10601 San Jose Blvd,(904) 288-1100,https://www.wholefoodsmarket.com/stores/jacksonville
Rhode Island,Cranston,Garden City Center,10254,151 Sockanosset Cross Rd,(401) 942-7600,https://www.wholefoodsmarket.com/stores/gardencitycenter
California,Santa Barbara,Santa Barbara,10255,3761 State St,(805) 837-6959,https://www.wholefoodsmarket.com/stores/santabarbara
Virginia,Glen Allen,Short Pump,10257,11173 W Broad St,(804) 364-4050,https://www.wholefoodsmarket.com/stores/shortpump
Texas,Sugar Land,Sugar Land,10258,15900 Southwest Fwy,(281) 491-5577,https://www.wholefoodsmarket.com/stores/sugarland
California,San Jose,San Jose,10259,on The Alameda - 777 The Alameda,(408) 207-1126,https://www.wholefoodsmarket.com/stores/sanjose
Washington,Redmond,Redmond,10260,17991 NE Redmond Way,(425) 881-2600,https://www.wholefoodsmarket.com/stores/redmond
New Jersey,West Orange,West Orange,10265,235 Prospect Ave,(973) 669-3196,https://www.wholefoodsmarket.com/stores/westorange
Oregon,Tigard,Bridgeport,10266,7380 SW Bridgeport Rd,(503) 639-6500,https://www.wholefoodsmarket.com/stores/bridgeport
California,Cupertino,Cupertino,10267,20955 Stevens Creek Blvd,(408) 257-7000,https://www.wholefoodsmarket.com/stores/cupertino
Ontario,Mississauga,Square One Mississauga,10268,155 Square One Dr,(905) 275-9393,https://www.wholefoodsmarket.com/stores/squareonemississauga
Arizona,Chandler,Chandler,10272,2955 W Ray Rd,(480) 821-9447,https://www.wholefoodsmarket.com/stores/chandler
Colorado,Centennial,SouthGlenn,10273,6853 S York ,(303) 996-3660,https://www.wholefoodsmarket.com/stores/southglenn
Washington,Seattle,Interbay,10275,2001 15th Ave W,(206) 352-5440,https://www.wholefoodsmarket.com/stores/interbay
Illinois,Schaumburg,Schaumburg,10276,750 N Martingale Rd,(847) 585-5800,https://www.wholefoodsmarket.com/stores/schaumburg
New Jersey,Paramus,Paramus,10279,300 Bergen Town Center,(201) 226-1244,https://www.wholefoodsmarket.com/stores/paramus
Utah,Salt Lake City,Trolley Square,10280,544 S 700 E,(801) 924-9060,https://www.wholefoodsmarket.com/stores/trolleysquare
California,Sonoma,Sonoma,10281,201 W Napa St,(707) 938-8500,https://www.wholefoodsmarket.com/stores/sonoma
Texas,Dallas,Lakewood,10283,2118 Abrams Rd,(214) 824-1744,https://www.wholefoodsmarket.com/stores/lakewood
Idaho,Boise,Boise,10284,401 S Broadway Ave,(208) 287-4600,https://www.wholefoodsmarket.com/stores/boise
Florida,Miami Beach,South Beach,10285,1020 Alton Rd,(305) 938-2800,https://www.wholefoodsmarket.com/stores/southbeach
Nevada,Las Vegas,Las Vegas Blvd,10286,6689 Las Vegas Blvd,(702) 589-7711,https://www.wholefoodsmarket.com/stores/lasvegasblvd
Ohio,Cincinnati,Cincinnati,10287,2693 Edmondson Rd,(513) 531-8015,https://www.wholefoodsmarket.com/stores/cincinnati
California,Napa,Napa,10288,3682 Bel Aire Plaza,(707) 224-6300,https://www.wholefoodsmarket.com/stores/napa
Ontario,North York,Yonge and Sheppard,10289,4771 Yonge Str,(416) 730-1100,https://www.wholefoodsmarket.com/stores/yongeandsheppard
Maine,Portland,Portland,10291,Maine - 2 Somerset St,(207) 774-7711,https://www.wholefoodsmarket.com/stores/portland
Illinois,Kildeer,Kildeer,10292,20281 Rand Rd,(847) 726-4601,https://www.wholefoodsmarket.com/stores/kildeer
Nevada,Reno,Reno,10293,6139 S Virginia St,(775) 852-8023,https://www.wholefoodsmarket.com/stores/reno
Oregon,Eugene,Eugene,10294,353 E Broadway,(541) 434-8820,https://www.wholefoodsmarket.com/stores/eugene
Colorado,Basalt,Roaring Fork,10298,340 Reed St,(970) 927-1500,https://www.wholefoodsmarket.com/stores/roaringfork
Connecticut,Darien,Darien,10300,150 Ledge Rd,(203) 662-0577,https://www.wholefoodsmarket.com/stores/darien
Missouri,Town and Country,Town and Country,10303,1160 Town and Country Crossing Dr,(636) 527-1160,https://www.wholefoodsmarket.com/stores/townandcountry
Oklahoma,Tulsa,Brookside,10304,1401 E 41st St,(918) 712-7555,https://www.wholefoodsmarket.com/stores/brookside
Ontario,Ottawa,Lansdowne Park,10310,951 Bank St,(613) 565-7150,https://www.wholefoodsmarket.com/stores/lansdownepark
British Columbia,Victoria,Victoria,10311,3587 Blanshard St,(250) 382-9800,https://www.wholefoodsmarket.com/stores/victoria
New Jersey,Vauxhall,Millburn,10312,Union - 2245 Springfield Ave,(908) 688-1455,https://www.wholefoodsmarket.com/stores/millburn
Michigan,Ann Arbor,Cranbrook,10315,990 W Eisenhower Pkwy,(734) 997-7500,https://www.wholefoodsmarket.com/stores/cranbrook
Texas,Austin,Domain,10316,11920 Domain Dr,(512) 831-3981,https://www.wholefoodsmarket.com/stores/domain
Connecticut,Fairfield,Fairfield,10317,350 Grasmere Ave,(203) 319-9544,https://www.wholefoodsmarket.com/stores/fairfield
California,Oxnard,Oxnard,10318,650 Town Center Dr,(805) 751-4300,https://www.wholefoodsmarket.com/stores/oxnard
Massachusetts,Dedham,Dedham,10319,300 Legacy Pl,(781) 329-7100,https://www.wholefoodsmarket.com/stores/dedham
California,San Jose,Blossom Hill,10320,1146 Blossom Hill Rd,(408) 266-3700,https://www.wholefoodsmarket.com/stores/blossomhill
Tennessee,Franklin,McEwen,10321,1566 W McEwen Dr,(615) 550-5660,https://www.wholefoodsmarket.com/stores/mcewen
Oregon,Hillsboro,Tanasbourne,10327,9940 NE Cornell Rd,(503) 645-9200,https://www.wholefoodsmarket.com/stores/tanasbourne
New York,New York,Upper West Side,10328,808 Columbus Ave,(212) 222-6160,https://www.wholefoodsmarket.com/stores/upperwestside
California,Santa Cruz,Santa Cruz,10329,911 Soquel Ave,(831) 426-9901,https://www.wholefoodsmarket.com/stores/santacruz
Michigan,Rochester Hills,Rochester Hills,10330,2918 Walton Blvd,(248) 371-1400,https://www.wholefoodsmarket.com/stores/rochesterhills
Colorado,Glendale,Colorado Blvd,10331,870 S Colorado Blvd,(303) 691-0101,https://www.wholefoodsmarket.com/stores/coloradoblvd
Texas,Fort Worth,Fort Worth,10332,3720 Vision Dr,(682) 316-8040,https://www.wholefoodsmarket.com/stores/fortworth
California,Venice,Venice,10333,225 Lincoln Blvd,(310) 566-9480,https://www.wholefoodsmarket.com/stores/venice
Connecticut,Glastonbury,Glastonbury,10336,55 Welles St,(860) 652-9800,https://www.wholefoodsmarket.com/stores/glastonbury
California,Mill Valley,Blithedale,10337,731 E Blithedale Ave,(415) 381-3900,https://www.wholefoodsmarket.com/stores/blithedale
North Carolina,Raleigh,North Raleigh,10338,8710 Six Forks Rd,(919) 354-0350,https://www.wholefoodsmarket.com/stores/northraleigh
Florida,Tampa,Carrollwood,10339,3802 Northdale Blvd,(813) 264-3600,https://www.wholefoodsmarket.com/stores/carrollwood
Ohio,Mason,Mason,10340,5805 Deerfield Blvd,(513) 398-9358,https://www.wholefoodsmarket.com/stores/mason
Georgia,Marietta,Merchants Walk,10342,1311 Johnson Ferry Rd NE,(678) 996-9700,https://www.wholefoodsmarket.com/stores/merchantswalk
New York,Yonkers,Yonkers,10343,1 Ridge Hill Blvd,(914) 378-8090,https://www.wholefoodsmarket.com/stores/yonkers
Minnesota,Minneapolis,Hennepin,10345,222 Hennepin Ave,(612) 313-7100,https://www.wholefoodsmarket.com/stores/hennepin
Texas,Houston,Montrose,10346,701 Waugh Dr,(713) 284-1260,https://www.wholefoodsmarket.com/stores/montrose
Arizona,Tempe,Tempe,10347,750 S Ash Ave,(480) 456-1400,https://www.wholefoodsmarket.com/stores/tempe
British Columbia,Vancouver,Kitsilano,10348,2285 West 4th Ave,(604) 739-6676,https://www.wholefoodsmarket.com/stores/kitsilano
California,Lafayette,Lafayette,10349,3502 Mt Diablo Blvd,(925) 284-5305,https://www.wholefoodsmarket.com/stores/lafayette
Colorado,Golden,Colfax,10350,14357 W Colfax Ave,(303) 277-1339,https://www.wholefoodsmarket.com/stores/colfax
North Carolina,Asheville,Asheville,10351,70 Merrimon Ave,(828) 254-5440,https://www.wholefoodsmarket.com/stores/asheville
Florida,Pompano Beach,Pompano Beach,10352,2411 N Federal Hwy,(954) 786-3500,https://www.wholefoodsmarket.com/stores/pompanobeach
Pennsylvania,Glen Mills,Glen Mills,10353,475 Wilmington West Chester Pike,(610) 358-1133,https://www.wholefoodsmarket.com/stores/glenmills
Connecticut,Westport,Westport,10355,399 Post Rd W,(203) 227-6858,https://www.wholefoodsmarket.com/stores/westport
Texas,Fairview,Fairview,10358,105 Stacy Rd,(972) 549-4090,https://www.wholefoodsmarket.com/stores/fairview
California,Palm Desert,Palm Desert,10359,44-459 Town Center Way,(760) 797-8200,https://www.wholefoodsmarket.com/stores/palmdesert
British Columbia,Vancouver,Robson,10360,1675 Robson St,(604) 687-5288,https://www.wholefoodsmarket.com/stores/robson
California,San Francisco,Haight Street,10362,690 Stanyan St,(415) 876-6740,https://www.wholefoodsmarket.com/stores/haightstreet
Hawaii,Honolulu,Honolulu (Kahala Mall),10363,4211 Wai'alae Ave,(808) 738-0820,https://www.wholefoodsmarket.com/stores/honolulu(kahalamall)
Illinois,Hinsdale,Hinsdale,10364,500 E Ogden Ave,(630) 986-8500,https://www.wholefoodsmarket.com/stores/hinsdale
California,Capitola,Capitola,10365,1710 41st Ave,(831) 464-2900,https://www.wholefoodsmarket.com/stores/capitola
Connecticut,West Hartford,Bishops Corner,10366,340 N Main St,(860) 523-7174,https://www.wholefoodsmarket.com/stores/bishopscorner
Hawaii,Kailua,Kailua,10368,629 Kailua Rd,(808) 263-6800,https://www.wholefoodsmarket.com/stores/kailua
California,Santa Rosa,Coddingtown,10370,390 Coddingtown Mall,(707) 542-7411,https://www.wholefoodsmarket.com/stores/coddingtown
Massachusetts,Andover,Andover,10371,40 Railroad St,(978) 749-6664,https://www.wholefoodsmarket.com/stores/andover
Colorado,Denver,Washington Park,10373,1111 S Washington St,(303) 733-6201,https://www.wholefoodsmarket.com/stores/washingtonpark
Hawaii,Kahului,Maui,10374,70 E Kaahumanu Ave,(808) 872-3310,https://www.wholefoodsmarket.com/stores/maui
Oregon,Portland,Fremont,10375,Oregon - 3535 NE 15th Ave,(503) 288-3414,https://www.wholefoodsmarket.com/stores/fremont
Oklahoma,Oklahoma City,Oklahoma City,10376,6001 North Western Ave,(405) 879-3500,https://www.wholefoodsmarket.com/stores/oklahomacity
Pennsylvania,Wexford,Wexford,10377,10576 Perry Hwy,(724) 940-6100,https://www.wholefoodsmarket.com/stores/wexford
Indiana,Indianapolis,Eighty-Sixth St.,10378,1300 E 86th St,(317) 706-0900,https://www.wholefoodsmarket.com/stores/eighty-sixthst.
California,San Francisco,Noe Valley,10379,3950 24th St,(415) 282-4700,https://www.wholefoodsmarket.com/stores/noevalley
Massachusetts,Medford,Medford,10380,2151 Mystic Valley Pkwy,(781) 395-4998,https://www.wholefoodsmarket.com/stores/medford
New Jersey,Closter,Closter,10381,45 Vervalen St,(201) 367-9099,https://www.wholefoodsmarket.com/stores/closter
Texas,Austin,Arbor Trails,10384,4301 W William Cannon,(512) 358-2460,https://www.wholefoodsmarket.com/stores/arbortrails
Ohio,Upper Arlington,Upper Arlington,10385,1555 W Lane Ave,(614) 481-3400,https://www.wholefoodsmarket.com/stores/upperarlington
Connecticut,Milford,Milford,10389,1686 Boston Post Road,(203) 874-0883,https://www.wholefoodsmarket.com/stores/milford
Texas,Bee Cave,Bee Cave,10393,12601 Hill Country Blvd,(512) 206-2730,https://www.wholefoodsmarket.com/stores/beecave
California,San Francisco,2001 Market Street,10396,2001 Market St,(415) 626-1430,https://www.wholefoodsmarket.com/stores/2001marketstreet
California,Santa Monica,Montana Avenue,10398,1425 Montana Ave,(310) 576-4707,https://www.wholefoodsmarket.com/stores/montanaavenue
California,Huntington Beach,Huntington Beach,10399,7881 Edinger Ave ,(657) 200-4200,https://www.wholefoodsmarket.com/stores/huntingtonbeach
Oregon,Portland,Laurelhurst,10402,2825 East Burnside St,(503) 232-6601,https://www.wholefoodsmarket.com/stores/laurelhurst
Indiana,Carmel,Carmel,10404,14598 Clay Terrace Blvd,(317) 569-1517,https://www.wholefoodsmarket.com/stores/carmel
California,Laguna Beach,Laguna Beach,10406,283 Broadway St,(949) 376-7888,https://www.wholefoodsmarket.com/stores/lagunabeach
Oregon,Bend,Bend,10407,2610 NE Hwy 20,(541) 389-0151,https://www.wholefoodsmarket.com/stores/bend
New York,New York,Midtown East (E 57th St),10408,226 E 57th St,(646) 497-1222,https://www.wholefoodsmarket.com/stores/midtowneast(e57thst)
Tennessee,Chattanooga,Chattanooga,10409,301 Manufacturers Rd,(423) 702-7300,https://www.wholefoodsmarket.com/stores/chattanooga
Massachusetts,Wellesley,Wellesley,10413,442 Washington St,(781) 235-7262,https://www.wholefoodsmarket.com/stores/wellesley
District of Columbia,Washington,Foggy Bottom,10414,2201 I Street NW,(202) 296-1660,https://www.wholefoodsmarket.com/stores/foggybottom
Utah,Salt Lake City,Sugar House,10415,1131 E Wilmington Ave,(801) 359-7913,https://www.wholefoodsmarket.com/stores/sugarhouse
Minnesota,Edina,Edina,10419,7401 France Ave S,(952) 830-3500,https://www.wholefoodsmarket.com/stores/edina
Minnesota,Minnetonka,Minnetonka,10422,1001 Plymouth Rd,(952) 797-5600,https://www.wholefoodsmarket.com/stores/minnetonka
Colorado,Boulder,Ideal Market Boulder,10423,1275 Alpine Ave,(303) 443-1354,https://www.wholefoodsmarket.com/stores/idealmarketboulder
Nevada,Las Vegas,Tenaya,10424, 7250 W Lake Mead Blvd,(702) 942-1500,https://www.wholefoodsmarket.com/stores/tenaya
North Carolina,Greensboro,Greensboro Friendly,10426,3202 W Friendly Ave,(336) 398-2880,https://www.wholefoodsmarket.com/stores/greensborofriendly
Utah,Cottonwood Heights,Cottonwood Heights,10430,6930 S Highland Dr,(801) 733-9455,https://www.wholefoodsmarket.com/stores/cottonwoodheights
California,San Francisco,Ocean,10432,1150 Ocean Ave,(415) 333-7400,https://www.wholefoodsmarket.com/stores/ocean
California,Del Mar,Del Mar,10434,2600 Via De La Valle,(858) 436-9800,https://www.wholefoodsmarket.com/stores/delmar
Washington,Lynnwood,Lynnwood,10436,2800 SW 196th St,(425) 775-1320,https://www.wholefoodsmarket.com/stores/lynnwood
California,Laguna Niguel,Laguna Niguel,10437,23932 Aliso Creek Rd,(949) 900-5830,https://www.wholefoodsmarket.com/stores/lagunaniguel
Massachusetts,Jamaica Plain,Jamaica Plain,10438,413 Centre St,(617) 553-5400,https://www.wholefoodsmarket.com/stores/jamaicaplain
Arizona,Tucson,Speedway,10439,3360 E Speedway Blvd,(520) 795-9844,https://www.wholefoodsmarket.com/stores/speedway
California,Malibu,Malibu,10441,23401 Civic Center Way,(424) 425-7351,https://www.wholefoodsmarket.com/stores/malibu
North Carolina,Charlotte,Charlotte,10443,6610 Fairview Rd,(980) 213-2400,https://www.wholefoodsmarket.com/stores/charlotte
Texas,San Antonio,Vineyard,10444,18403 Blanco Rd,(210) 408-3110,https://www.wholefoodsmarket.com/stores/vineyard
Colorado,Superior,Superior,10445,303 Marshall Rd,(720) 274-1415,https://www.wholefoodsmarket.com/stores/superior
California,Folsom,Folsom,10447,270 Palladio Pkwy,(916) 984-8500,https://www.wholefoodsmarket.com/stores/folsom
New Jersey,Marlboro,Marlboro,10451,113 Route 9 South,(732) 792-5900,https://www.wholefoodsmarket.com/stores/marlboro
Massachusetts,Lynnfield,Lynnfield,10452,427 Walnut St,(781) 776-4300,https://www.wholefoodsmarket.com/stores/lynnfield
North Carolina,Wilmington,Wilmington,10453,3804 Oleander Dr,(910) 777-2499,https://www.wholefoodsmarket.com/stores/wilmington
Connecticut,Danbury,Danbury,10455,5C Sugar Hollow Rd,(203) 730-0599,https://www.wholefoodsmarket.com/stores/danbury
Ontario,Markham,Unionville,10456,3997 Hwy 7,(905) 474-4900,https://www.wholefoodsmarket.com/stores/unionville
Missouri,Kansas City,Kansas City,10457,301 E 51st St,(816) 708-3700,https://www.wholefoodsmarket.com/stores/kansascity
Illinois,Chicago,Hyde Park,10458,5118 S Lake Park Ave,(773) 819-1600,https://www.wholefoodsmarket.com/stores/hydepark
Colorado,Castle Rock,Castle Rock,10459,6384 Promenade Pkwy,(720) 673-4700,https://www.wholefoodsmarket.com/stores/castlerock
Iowa,West Des Moines,West Des Moines,10460,4100 University Ave,(515) 343-2600,https://www.wholefoodsmarket.com/stores/westdesmoines
Tennessee,Knoxville,Knoxville,10461,6730 Papermill Dr NW,(865) 291-6400,https://www.wholefoodsmarket.com/stores/knoxville
New Hampshire,Nashua,Nashua,10462,255 Amherst St,(603) 318-7550,https://www.wholefoodsmarket.com/stores/nashua
Maryland,Riverdale,Riverdale Park,10463,6621-B Baltimore Ave,(240) 487-7575,https://www.wholefoodsmarket.com/stores/riverdalepark
South Carolina,Columbia,Columbia,10464,702 Cross Hill Rd,(803) 509-6700,https://www.wholefoodsmarket.com/stores/columbia
Michigan,Detroit,Detroit,10465,115 Mack Ave,(313) 576-5300,https://www.wholefoodsmarket.com/stores/detroit
Virginia,Virginia Beach,Virginia Beach,10466,1800 Laskin Rd,(757) 422-0444,https://www.wholefoodsmarket.com/stores/virginiabeach
California,Fremont,Fremont,10467,California - 3111 Mowry Ave,(510) 401-5880,https://www.wholefoodsmarket.com/stores/fremont
California,Newport Beach,Newport Beach,10468,415 Newport Center Dr,(949) 999-8572,https://www.wholefoodsmarket.com/stores/newportbeach
Arizona,Tucson,Oracle,10469,7133 N Oracle Rd,(520) 352-0111,https://www.wholefoodsmarket.com/stores/oracle
Colorado,Frisco,Frisco,10470,261 Lusher Ct,(970) 668-9400,https://www.wholefoodsmarket.com/stores/frisco
Colorado,Littleton,Governor's Ranch,10471,5155 S Wadsworth Blvd,(303) 586-5220,https://www.wholefoodsmarket.com/stores/governor'sranch
Oklahoma,Tulsa,Yale,10472,9136 S Yale Ave,(918) 879-0493,https://www.wholefoodsmarket.com/stores/yale
Texas,Addison,Addison,10473,5100 Belt Line Rd,(214) 854-3334,https://www.wholefoodsmarket.com/stores/addison
Texas,Katy,Katy,10474,6601 S Fry Rd,(281) 769-5670,https://www.wholefoodsmarket.com/stores/katy
Arizona,Tucson,River Road,10475,5555 E River Rd,(520) 461-1300,https://www.wholefoodsmarket.com/stores/riverroad
Arizona,Phoenix,Camelback,10476,4701 N 20th St,(602) 761-4750,https://www.wholefoodsmarket.com/stores/camelback
Florida,North Miami,North Miami,10477,12150 Biscayne Blvd,(305) 892-5500,https://www.wholefoodsmarket.com/stores/northmiami
Florida,Tallahassee,Tallahassee,10478,1817 Thomasville Rd,(850) 513-4200,https://www.wholefoodsmarket.com/stores/tallahassee
Tennessee,Memphis,Poplar Avenue,10480,5014 Poplar Ave,(901) 969-4368,https://www.wholefoodsmarket.com/stores/poplaravenue
Illinois,Orland Park,Orland Park,10481,15260 South La Grange Road,(708) 364-1350,https://www.wholefoodsmarket.com/stores/orlandpark
Indiana,Mishawaka,Mishawaka,10482,4230 Grape Rd,(574) 247-5800,https://www.wholefoodsmarket.com/stores/mishawaka
New York,Port Chester,Port Chester,10483,575 Boston Post Road,(914) 708-1985,https://www.wholefoodsmarket.com/stores/portchester
Ohio,Rocky River,Rocky River,10484,19607 Detroit Rd,(440) 596-3440,https://www.wholefoodsmarket.com/stores/rockyriver
Mississippi,Jackson,Jackson,10486,4500 I-55 North,(601) 608-0405,https://www.wholefoodsmarket.com/stores/jackson
New York,Brooklyn,Williamsburg,10487,238 Bedford Ave,(718) 734-2321,https://www.wholefoodsmarket.com/stores/williamsburg
Georgia,Alpharetta,Avalon,10488,2800 Old Milton Pkwy,(678) 534-3138,https://www.wholefoodsmarket.com/stores/avalon
Georgia,Savannah,Savannah,10489,1815 E Victory Dr ,(912) 358-5829,https://www.wholefoodsmarket.com/stores/savannah
Minnesota,Maple Grove,Maple Grove,10490,12201 Elm Creek Blvd N,(763) 416-7300,https://www.wholefoodsmarket.com/stores/maplegrove
New York,Albany,Albany,10492,1425 Central Ave,(518) 621-5300,https://www.wholefoodsmarket.com/stores/albany
Nebraska,Lincoln,Lincoln,10493,6055 O St,(402) 486-6000,https://www.wholefoodsmarket.com/stores/lincoln
British Columbia,Burnaby,North Burnaby,10494,4420 Lougheed Hwy,(604) 205-5032,https://www.wholefoodsmarket.com/stores/northburnaby
Illinois,Park Ridge,Park Ridge,10495,225 W Touhy Ave,(847) 292-7100,https://www.wholefoodsmarket.com/stores/parkridge
Pennsylvania,Wynnewood,Wynnewood,10496,15 E Wynnewood Rd,(610) 896-3737,https://www.wholefoodsmarket.com/stores/wynnewood
Texas,Houston,Champions,10497,10133 Louetta Rd,(281) 803-6396,https://www.wholefoodsmarket.com/stores/champions
Texas,Highland Village,Highland Village,10498,4041 Waller Creek,(972) 538-9710,https://www.wholefoodsmarket.com/stores/highlandvillage
Maryland,Columbia,Columbia,10499,Maryland - 10275 Little Patuxent Pkwy,(240) 865-1827,https://www.wholefoodsmarket.com/stores/columbia
Ontario,Toronto,Leaside,10500,1860 Bayview Ave,(416) 484-0090,https://www.wholefoodsmarket.com/stores/leaside
New Jersey,Parsippany,Parsippany,10501,60 Waterview Blvd,(862) 286-2777,https://www.wholefoodsmarket.com/stores/parsippany
Kansas,Wichita,Wichita,10504,1423 N Webb Rd,(316) 630-8484,https://www.wholefoodsmarket.com/stores/wichita
Texas,Dallas,Uptown Dallas,10505,2510 McKinney Ave,(469) 518-5814,https://www.wholefoodsmarket.com/stores/uptowndallas
Massachusetts,South Weymouth,South Weymouth,10506,35 Pleasant St,(781) 277-5200,https://www.wholefoodsmarket.com/stores/southweymouth
Massachusetts,Arlington,Arlington MA,10507,808 Massachusetts Ave,(781) 777-7200,https://www.wholefoodsmarket.com/stores/arlingtonma
Massachusetts,Charlestown,Charlestown,10509,27 Austin St,(617) 337-9700,https://www.wholefoodsmarket.com/stores/charlestown
Massachusetts,Melrose,Melrose,10510,880 Main St,(781) 606-3400,https://www.wholefoodsmarket.com/stores/melrose
Massachusetts,Somerville,Somerville,10511,45 Beacon St,(617) 902-9300,https://www.wholefoodsmarket.com/stores/somerville
Massachusetts,Boston,South End,10513,348 Harrison Ave,(617) 904-1000,https://www.wholefoodsmarket.com/stores/southend
Pennsylvania,Philadelphia,Philly Center City,10514,2101 Pennsylvania Ave,(215) 557-0015,https://www.wholefoodsmarket.com/stores/phillycentercity
Florida,Clearwater,Clearwater,10515,27001 US 19 N,(727) 724-7100,https://www.wholefoodsmarket.com/stores/clearwater
Florida,Altamonte Springs,Altamonte Springs,10516,305 E Altamonte Dr,(407) 767-2100,https://www.wholefoodsmarket.com/stores/altamontesprings
New York,New York,Harlem,10517,100 W 125th St,(212) 678-1940,https://www.wholefoodsmarket.com/stores/harlem
New York,New York,Upper East Side,10518,1551 3rd Ave,(646) 891-3888,https://www.wholefoodsmarket.com/stores/uppereastside
New Jersey,Morristown,Morristown,10519,110 Washington St,(973) 385-1900,https://www.wholefoodsmarket.com/stores/morristown
North Carolina,Asheville,East Asheville,10520,4 S Tunnel Rd,(828) 239-9604,https://www.wholefoodsmarket.com/stores/eastasheville
Louisiana,New Orleans,Broad Street,10522,300 N Broad St,(504) 434-3364,https://www.wholefoodsmarket.com/stores/broadstreet
Texas,Colleyville,Colleyville,10523,4801 Colleyvile Blvd,(817) 918-3821,https://www.wholefoodsmarket.com/stores/colleyville
Washington,Seattle,West Seattle,10524,4755 Fauntleroy Way SW,(206) 338-5060,https://www.wholefoodsmarket.com/stores/westseattle
Virginia,Newport News,Newport News,10525,12090 Jefferson Ave,(757) 947-2460,https://www.wholefoodsmarket.com/stores/newportnews
New Jersey,Cherry Hill,Cherry Hill,10526,1558 Kings Hwy N,(856) 651-5271,https://www.wholefoodsmarket.com/stores/cherryhill
Louisiana,Lafayette,Ambassador Caffery,10528,4247 Ambassador Caffery Pkwy,(337) 314-9653,https://www.wholefoodsmarket.com/stores/ambassadorcaffery
Florida,West Palm Beach,West Palm Beach,10529,1845 Palm Beach Lakes Blvd,(561) 471-3800,https://www.wholefoodsmarket.com/stores/westpalmbeach
California,Berkeley,Gilman,10530,1025 Gilman St,(510) 809-8293,https://www.wholefoodsmarket.com/stores/gilman
Virginia,Arlington,Pentagon City,10531,520 12th St South,(571) 777-3948,https://www.wholefoodsmarket.com/stores/pentagoncity
Virginia,Ashburn,Ashburn,10534,19800 Belmont Chase Dr,(571) 223-4440,https://www.wholefoodsmarket.com/stores/ashburn
Missouri,St. Louis,Central West End,10535,4577 W Pine Blvd,(314) 474-7300,https://www.wholefoodsmarket.com/stores/centralwestend
California,Playa Vista,Playa Vista,10536,12746 W Jefferson Blvd,(310) 862-9900,https://www.wholefoodsmarket.com/stores/playavista
Oregon,Tigard,Greenway,10537,12220 SW Scholls Ferry Rd,(971) 371-7000,https://www.wholefoodsmarket.com/stores/greenway
Kansas,Olathe,Olathe,10538, 14615 W 119th St,(913) 764-5656,https://www.wholefoodsmarket.com/stores/olathe
Michigan,East Lansing,East Lansing,10541,2750 E Grand River Ave,(517) 319-2000,https://www.wholefoodsmarket.com/stores/eastlansing
Minnesota,St. Paul,St Paul,10542,1575 Selby Ave,(651) 690-0197,https://www.wholefoodsmarket.com/stores/stpaul
North Carolina,Huntersville,Lake Norman,10543,9129 Sam Furr Rd,(704) 765-3735,https://www.wholefoodsmarket.com/stores/lakenorman
California,Burbank,Burbank,10545,3401 W Olive Ave,(818) 239-5380,https://www.wholefoodsmarket.com/stores/burbank
California,Los Angeles,Downtown Los Angeles,10546,788 S Grand Ave,(213) 873-4745,https://www.wholefoodsmarket.com/stores/downtownlosangeles
California,Dublin,Dublin CA,10547,5200 Dublin Blvd,(925) 452-2226,https://www.wholefoodsmarket.com/stores/dublinca
California,Walnut Creek,Ygnacio Valley Road,10548,2941 Ygnacio Valley Rd,(925) 269-9010,https://www.wholefoodsmarket.com/stores/ygnaciovalleyroad
Florida,Davie,Davie,10549,1903 S University Dr,(954) 916-3000,https://www.wholefoodsmarket.com/stores/davie
Arkansas,Little Rock,Bowman,10551,501 S Bowman Rd,(501) 312-2326,https://www.wholefoodsmarket.com/stores/bowman
Texas,Houston,Voss,10552,1407 S Voss Rd,(713) 789-4477,https://www.wholefoodsmarket.com/stores/voss
Colorado,Longmont,Longmont,10554,1250 South Hover Rd,(720) 438-2550,https://www.wholefoodsmarket.com/stores/longmont
Ohio,Columbus,Easton,10555,4100 Easton Gateway Dr,(614) 536-0570,https://www.wholefoodsmarket.com/stores/easton
Colorado,Westminster,Bradburn,10556,4451 Main St,(303) 439-7000,https://www.wholefoodsmarket.com/stores/bradburn
Ohio,Dayton,Dayton,10558,1050 Miamisburg Centerville Rd,(937) 999-6880,https://www.wholefoodsmarket.com/stores/dayton
New Jersey,Newark,Newark,10559,633 Broad St,(973) 755-5080,https://www.wholefoodsmarket.com/stores/newark
Tennessee,Germantown,Germantown,10562,7825 US Highway 72,(901) 896-3245,https://www.wholefoodsmarket.com/stores/germantown
District of Columbia,Washington,South Capitol Hill,10563,101 H St SE,(202) 469-7280,https://www.wholefoodsmarket.com/stores/southcapitolhill
District of Columbia,Washington,H Street,10565,600 H St NE,(202) 469-7410,https://www.wholefoodsmarket.com/stores/hstreet
Pennsylvania,Allentown,Allentown,10566,750 N Krocks Rd,(484) 506-2159,https://www.wholefoodsmarket.com/stores/allentown
Illinois,Chicago,Chicago Edgewater,10568,6009 N Broadway,(773) 506-7600,https://www.wholefoodsmarket.com/stores/chicagoedgewater
Illinois,Elmhurst,Elmhurst,10569,215 S IL Rte 83,(630) 993-7600,https://www.wholefoodsmarket.com/stores/elmhurst
Illinois,Evanston,Green Bay Road,10570,2748 Green Bay Rd,(847) 424-5700,https://www.wholefoodsmarket.com/stores/greenbayroad
Illinois,Chicago,Streeterville,10571,255 E Grand Ave,(312) 379-7900,https://www.wholefoodsmarket.com/stores/streeterville
Illinois,Chicago,West Loop,10572,1 N Halsted St,(312) 207-8400,https://www.wholefoodsmarket.com/stores/westloop
Illinois,Willowbrook,Willowbrook,10573,6300 Kingery Hwy,(630) 655-5000,https://www.wholefoodsmarket.com/stores/willowbrook
Texas,The Woodlands,The Woodlands,10574,1925 Hughes Landing Blvd,(832) 246-5600,https://www.wholefoodsmarket.com/stores/thewoodlands
Louisiana,Shreveport,Shreveport,10575,1380 E 70th St,(318) 462-9895,https://www.wholefoodsmarket.com/stores/shreveport
New Jersey,Clark,Clark,10576,1255 Raritan Rd,(732) 381-1010,https://www.wholefoodsmarket.com/stores/clark
Kentucky,Lexington,Lexington,10577,4059 Finn Way,(859) 971-8600,https://www.wholefoodsmarket.com/stores/lexington
New York,New York,Bryant Park,10578,1095 6th Ave,(917) 728-5700,https://www.wholefoodsmarket.com/stores/bryantpark
Florida,Winter Park,Winter Park North,10580,1030 N Orlando Ave,(407) 377-6040,https://www.wholefoodsmarket.com/stores/winterparknorth
Arizona,Flagstaff,Flagstaff,10581,320 S Cambridge Ln,(928) 774-5747,https://www.wholefoodsmarket.com/stores/flagstaff
Arizona,Sedona,Sedona,10583,1420 W State Rte 89A,(928) 282-6311,https://www.wholefoodsmarket.com/stores/sedona
California,San Luis Obispo,San Luis Obispo,10584,1531 Froom Ranch Way,(805) 785-0194,https://www.wholefoodsmarket.com/stores/sanluisobispo
Indiana,Schererville,Schererville,10585,199 US-41,(219) 864-5400,https://www.wholefoodsmarket.com/stores/schererville
Wisconsin,Wauwatosa,Wauwatosa,10586,11100 W Burleigh St,(414) 808-3600,https://www.wholefoodsmarket.com/stores/wauwatosa
New Jersey,Wall,Spring Lake Wall,10587,1933 NJ-35,(732) 359-3400,https://www.wholefoodsmarket.com/stores/springlakewall
Washington,University Place,Chambers Bay,10588,3515 Bridgeport Way W,(253) 534-4500,https://www.wholefoodsmarket.com/stores/chambersbay
British Columbia,North Vancouver,North Vancouver,10589,120 13th St E,(604) 973-1014,https://www.wholefoodsmarket.com/stores/northvancouver
Georgia,Kennesaw,Kennesaw,10590,1300 Ernest Barrett Pkwy,(770) 578-4400,https://www.wholefoodsmarket.com/stores/kennesaw
Alabama,Huntsville,Huntsville,10591,2501 Memorial Pkwy SW,(256) 801-3741,https://www.wholefoodsmarket.com/stores/huntsville
North Carolina,Charlotte,Waverly,10592,7221 Waverly Walk Ave,(704) 949-1860,https://www.wholefoodsmarket.com/stores/waverly
California,Brea,Brea,10594,3301 E Imperial Hwy,(714) 528-7400,https://www.wholefoodsmarket.com/stores/brea
Arkansas,Fayetteville,Fayetteville,10596,3425 N College Ave,(479) 695-5561,https://www.wholefoodsmarket.com/stores/fayetteville
Indiana,Indianapolis,Market Square,10597,320 E Market St,(317) 559-9360,https://www.wholefoodsmarket.com/stores/marketsquare
Virginia,Richmond,Richmond VA,10598,2024 W Broad St,(804) 956-3750,https://www.wholefoodsmarket.com/stores/richmondva
Pennsylvania,Spring House,Spring House,10599,1111 N Bethlehem Pike,(215) 646-6300,https://www.wholefoodsmarket.com/stores/springhouse
New York,Chappaqua,Chappaqua,10600,20 The Crossing,(914) 340-5130,https://www.wholefoodsmarket.com/stores/chappaqua
New York,Amherst,Buffalo,10601,3139 Sheridan Dr,(716) 398-4502,https://www.wholefoodsmarket.com/stores/buffalo
New Jersey,Metuchen,Metuchen,10602,645 Middlesex Ave,(732) 515-6180,https://www.wholefoodsmarket.com/stores/metuchen
North Carolina,Cary,West Cary,10611,5055 Arco St,(984) 228-0300,https://www.wholefoodsmarket.com/stores/westcary
Texas,Houston,Westchase,10612,11041 Westheimer Rd,(713) 784-7776,https://www.wholefoodsmarket.com/stores/westchase
Texas,Richardson,Cityline,10613,1411 E Renner Rd,(214) 273-0902,https://www.wholefoodsmarket.com/stores/cityline
California,Irvine,Irvine,10614,8525 Irvine Center Dr,(949) 777-8500,https://www.wholefoodsmarket.com/stores/irvine
Hawaii,Honolulu,Queen,10615,388 Kamakee St,(808) 379-1800,https://www.wholefoodsmarket.com/stores/queen
New Hampshire,Bedford,Bedford New Hampshire,10617,121 S River Rd,(603) 218-1900,https://www.wholefoodsmarket.com/stores/bedfordnewhampshire
Massachusetts,Beverly,Beverly,10618,150 Brimbal Ave,(978) 529-9151,https://www.wholefoodsmarket.com/stores/beverly
Massachusetts,Shrewsbury,Shrewsbury,10619,193 Boston Turnpike,(508) 749-5520,https://www.wholefoodsmarket.com/stores/shrewsbury
Massachusetts,Westford,Westford,10620,160 Littleton Rd,(978) 303-2900,https://www.wholefoodsmarket.com/stores/westford
Florida,Destin,Destin,10621,4402 Legendary Dr,(850) 269-7400,https://www.wholefoodsmarket.com/stores/destin
Texas,El Paso,El Paso,10622,100 Pitt St,(915) 236-1420,https://www.wholefoodsmarket.com/stores/elpaso
Pennsylvania,Lancaster,Lancaster,10624,1563 Fruitville Pike,(717) 984-5700,https://www.wholefoodsmarket.com/stores/lancaster
Pennsylvania,Newtown Square,Newtown,10625,3737 West Chester Pike,(610) 848-7200,https://www.wholefoodsmarket.com/stores/newtown
Colorado,Denver,Union Station,10626,1701 Wewatta St,(720) 572-8800,https://www.wholefoodsmarket.com/stores/unionstation
Texas,Irving,Las Colinas,10627,6741 N MacArthur Blvd,(469) 845-8001,https://www.wholefoodsmarket.com/stores/lascolinas
Minnesota,Woodbury,Woodbury,10628,305 Radio Dr,(651) 252-3060,https://www.wholefoodsmarket.com/stores/woodbury
Washington,Seattle,Madison Broadway,10630,1001 Broadway,(206) 802-3720,https://www.wholefoodsmarket.com/stores/madisonbroadway
Louisiana,Mandeville,Mandeville,10631,3450 Hwy 190,(985) 231-3328,https://www.wholefoodsmarket.com/stores/mandeville
California,Santa Clara,Santa Clara,10633,2732 Augustine Dr ,(408) 562-9162,https://www.wholefoodsmarket.com/stores/santaclara
Washington,Bellingham,Bellingham Lakeway,10637,1030 Lakeway Dr,(360) 714-6820,https://www.wholefoodsmarket.com/stores/bellinghamlakeway
Maryland,Baltimore,Harbor East,10638,711 S Central Ave,(410) 528-1640,https://www.wholefoodsmarket.com/stores/harboreast
New Jersey,Bound Brook,Bridgewater,10639,319 Chimney Rock Rd,(732) 584-1960,https://www.wholefoodsmarket.com/stores/bridgewater
Michigan,Birmingham,Birmingham,10641,2100 E Maple Rd,(248) 649-9600,https://www.wholefoodsmarket.com/stores/birmingham
Florida,Sarasota,University Station,10642,5298 University Pkwy,(941) 806-6130,https://www.wholefoodsmarket.com/stores/universitystation
Illinois,Chicago,Lakeview,10643,3201 N. Ashland Ave,(773) 244-4200,https://www.wholefoodsmarket.com/stores/lakeview
North Carolina,Charlotte,Uptown Charlotte,10644,400 East Brooklyn Village Ave,(704) 969-5950,https://www.wholefoodsmarket.com/stores/uptowncharlotte
Utah,Park City,Canyon Corners,10646,6598 N Landmark Dr,(435) 575-0200,https://www.wholefoodsmarket.com/stores/canyoncorners
Virginia,McLean,Tysons Corner,10647,1635 Boro Place,(571) 634-3610,https://www.wholefoodsmarket.com/stores/tysonscorner
Florida,Jacksonville Beach,Jacksonville Beach,10648,2050 3rd St S,(904) 685-7370,https://www.wholefoodsmarket.com/stores/jacksonvillebeach
Georgia,Atlanta,Chamblee,10649,5001 Peachtree Blvd,(470) 552-0750,https://www.wholefoodsmarket.com/stores/chamblee
Georgia,Atlanta,Midtown Atlanta,10650,22 14th St NW,(470) 552-4201,https://www.wholefoodsmarket.com/stores/midtownatlanta
District of Columbia,Washington,Florida Avenue,10651,967 Florida Avenue NW,(202) 519-3400,https://www.wholefoodsmarket.com/stores/floridaavenue
Texas,Houston,Independence Heights,10652,101 N Loop W,(713) 369-0800,https://www.wholefoodsmarket.com/stores/independenceheights
California,Santa Monica,Santa Monica Pico,10653,2121 Cloverfield Blvd,(310) 752-1155,https://www.wholefoodsmarket.com/stores/santamonicapico
Oregon,Lake Oswego,Lake Oswego,10654,11 S State St,(503) 782-4672,https://www.wholefoodsmarket.com/stores/lakeoswego
Washington,Kirkland,Kirkland,10655,12501 120th Ave NE,(425) 979-3301,https://www.wholefoodsmarket.com/stores/kirkland
California,Los Angeles,Silver Lake,10658,2520 Glendale Blvd,(323) 378-3891,https://www.wholefoodsmarket.com/stores/silverlake
Pennsylvania,Exton,Exton,10660,175 N Pottstown Pike,(610) 423-6360,https://www.wholefoodsmarket.com/stores/exton
Illinois,Wheaton,Wheaton,10661,89 Danada Square East,(630) 588-1500,https://www.wholefoodsmarket.com/stores/wheaton
New York,Rochester,Rochester,10662,2740 Monroe Ave,(585) 895-7750,https://www.wholefoodsmarket.com/stores/rochester
Ohio,Orange,Orange Village,10664,50 Wall St,(216) 464-9403,https://www.wholefoodsmarket.com/stores/orangevillage
Texas,Cedar Park,Cedar Park,10665,5001 183 Toll Rd,(512) 690-2605,https://www.wholefoodsmarket.com/stores/cedarpark
Ohio,Cincinnati,Kenwood,10666,5901 E Galbraith Rd,(513) 699-7710,https://www.wholefoodsmarket.com/stores/kenwood
Florida,Fort Myers,Fort Myers,10669,6891 Daniels Pkwy,(239) 935-6550,https://www.wholefoodsmarket.com/stores/fortmyers
California,Sherman Oaks,Sherman Oaks,10671,14311 Ventura Blvd,(818) 528-8030,https://www.wholefoodsmarket.com/stores/shermanoaks
Ohio,Akron,Akron,10673,1745 W Market St,(330) 615-2100,https://www.wholefoodsmarket.com/stores/akron
California,Upland,Upland,10676,2153 W Baseline Rd,(909) 579-2670,https://www.wholefoodsmarket.com/stores/upland
California,Concord,Concord,10677,2085 Diamond Blvd,(925) 695-3180,https://www.wholefoodsmarket.com/stores/concord
Illinois,Vernon Hills,Vernon Hills,10680,851 N Milwaukee Ave,(224) 504-3990,https://www.wholefoodsmarket.com/stores/vernonhills
Florida,Miami,Dadeland,10682,7930 SW 104th St,(305) 969-5800,https://www.wholefoodsmarket.com/stores/dadeland
New York,Commack,Commack,10683,120 Veterans Memorial Hwy #34,(631) 670-0580,https://www.wholefoodsmarket.com/stores/commack
Tennessee,Nashville,Nashville Downtown,10685,1202 Broadway,(615) 747-1650,https://www.wholefoodsmarket.com/stores/nashvilledowntown
Georgia,Decatur,Decatur,10687,1555 Church St,(470) 237-7340,https://www.wholefoodsmarket.com/stores/decatur
California,Long Beach,Long Beach Lakewood,10688,3881 Lakewood Blvd,(562) 548-1840,https://www.wholefoodsmarket.com/stores/longbeachlakewood
Massachusetts,Sudbury,Sudbury,10691,536 Boston Post Rd,(508) 358-7700,https://www.wholefoodsmarket.com/stores/sudbury
Pennsylvania,Pittsburgh,East Liberty,10694,5700 Penn Ave,(412) 441-7960,https://www.wholefoodsmarket.com/stores/eastliberty
California,Porter Ranch,Porter Ranch,10695,20209 W Rinaldi St,(818) 363-3933,https://www.wholefoodsmarket.com/stores/porterranch
New York,New York,One Wall Street,10696,66 Broadway,(646) 779-8229,https://www.wholefoodsmarket.com/stores/onewallstreet
Georgia,Atlanta,Northside Buckhead,10697,3535 Northside Pkwy,(470) 552-3040,https://www.wholefoodsmarket.com/stores/northsidebuckhead
South Carolina,Charleston,West Ashley,10698,1125 Savannah Hwy,(843) 329-6540,https://www.wholefoodsmarket.com/stores/westashley
California,Long Beach,Long Beach,10701,6400 E Pacific Coast Hwy,(562) 598-8687,https://www.wholefoodsmarket.com/stores/longbeach
California,South Lake Tahoe,South Lake Tahoe,10703,3600 Lake Tahoe Blvd.,(530) 578-4555,https://www.wholefoodsmarket.com/stores/southlaketahoe
Florida,Gainesville,Gainesville,10704,3490 SW Archer Rd,(352) 244-8302,https://www.wholefoodsmarket.com/stores/gainesville
New York,Garden City,Westbury,10706,867 East Gate Blvd,(516) 540-3040,https://www.wholefoodsmarket.com/stores/westbury
California,Sunnyvale,Sunnyvale,10707,150 E McKinley Ave,(408) 419-1290,https://www.wholefoodsmarket.com/stores/sunnyvale
California,Oakland,Temescal,10708,5110 Telegraph Ave,(510) 903-2222,https://www.wholefoodsmarket.com/stores/temescal
New York,Brooklyn,Fort Greene,10709,292 Ashland Pl,(718) 290-1010,https://www.wholefoodsmarket.com/stores/fortgreene
New Jersey,Weehawken,Weehawken,10711,1400 Waterfront Terrace,(551) 300-6080,https://www.wholefoodsmarket.com/stores/weehawken
New York,New York,Manhattan West,10713,450 W 33rd St,(646) 540-1104,https://www.wholefoodsmarket.com/stores/manhattanwest
Florida,Fort Lauderdale,17th Street,10715,501 SE 17th St,(954) 380-8440,https://www.wholefoodsmarket.com/stores/17thstreet
California,San Francisco,Stonestown,10717,3251 20th Ave,(415) 375-4242,https://www.wholefoodsmarket.com/stores/stonestown
Illinois,Evergreen Park,Evergreen Park,10720,9600 S Western Ave,(708) 931-3030,https://www.wholefoodsmarket.com/stores/evergreenpark
Texas,Austin,East Austin,10721,901 E 5th St,(512) 884-5910,https://www.wholefoodsmarket.com/stores/eastaustin
Florida,Tampa,Midtown Tampa,10723,3740 Midtown Dr,(813) 323-9466,https://www.wholefoodsmarket.com/stores/midtowntampa
New Jersey,Wayne,Wayne,10732,560 Valley Rd,(973) 587-1470,https://www.wholefoodsmarket.com/stores/wayne
Florida,Delray Beach,Delray Beach,10739,680 Linton Blvd,(561) 639-5701,https://www.wholefoodsmarket.com/stores/delraybeach
Illinois,Chicago,One Chicago,10740,3 West Chicago Ave,(312) 932-9600,https://www.wholefoodsmarket.com/stores/onechicago
Colorado,Denver,Capitol Hill,10746,900 E 11th Ave,(720) 643-1750,https://www.wholefoodsmarket.com/stores/capitolhill
New York,Massapequa Park,Massapequa,10749,5214 Sunrise Hwy,(516) 366-3616,https://www.wholefoodsmarket.com/stores/massapequa
California,Los Angeles,Culver City,10764,3377 S. La Cienega Blvd,(424) 434-7960,https://www.wholefoodsmarket.com/stores/culvercity
California,Huntington Beach,Brookhurst,10768,10081 Adams Ave,(714) 594-6850,https://www.wholefoodsmarket.com/stores/brookhurst
Maryland,Towson,Towson,10769,300 Towson Row,(443) 652-6566,https://www.wholefoodsmarket.com/stores/towson
Connecticut,Avon,Avon Village,10770,50 Climax Rd,(860) 777-2070,https://www.wholefoodsmarket.com/stores/avonvillage
New Jersey,Jersey City,Jersey City,10772,135 Greene St.,(201) 885-5388,https://www.wholefoodsmarket.com/stores/jerseycity
New York,New York,NoMad,10773,63 Madison Ave,(646) 779-2848,https://www.wholefoodsmarket.com/stores/nomad
New Jersey,Woodcliff Lake,Woodcliff Lake,10774,500 Chestnut Ridge Road,(551) 249-2595,https://www.wholefoodsmarket.com/stores/woodclifflake
Virginia,Falls Church,Falls Church,10775,103 E Broad St,(703) 448-1600,https://www.wholefoodsmarket.com/stores/fallschurch
Wisconsin,Madison,Madison,10776,4710 Madison Yards Way,(608) 233-9566,https://www.wholefoodsmarket.com/stores/madison
District of Columbia,Washington,Historic Walter Reed,10777,7130 12th Street NW,(202) 846-6680,https://www.wholefoodsmarket.com/stores/historicwalterreed
New Hampshire,Portsmouth,Portsmouth,10778,1600 Woodbury Ave,(603) 294-1115,https://www.wholefoodsmarket.com/stores/portsmouth
New York,Brooklyn,Industry City,10779,167 41st St,,https://www.wholefoodsmarket.com/stores/industrycity
District of Columbia,Washington,Glover Park,10780,"2323 Wisconsin Ave, NW",(202) 747-5570,https://www.wholefoodsmarket.com/stores/gloverpark
Tennessee,Chattanooga,Chattanooga East,10782,1814 Gunbarrel Rd,(423) 425-9133,https://www.wholefoodsmarket.com/stores/chattanoogaeast
North Carolina,Asheville,South Asheville,10783,1856 Hendersonville Rd,(828) 378-0477,https://www.wholefoodsmarket.com/stores/southasheville
California,Sherman Oaks,Sherman Oaks East,10784,12905 Riverside Dr,(818) 853-8600,https://www.wholefoodsmarket.com/stores/shermanoakseast
Colorado,Boulder,Boulder Table Mesa,10785,695 S Broadway,(303) 376-6980,https://www.wholefoodsmarket.com/stores/bouldertablemesa
Montana,Bozeman,Bozeman,10786,2905 West Main Street,(406) 602-8249,https://www.wholefoodsmarket.com/stores/bozeman
New York,Huntington Station,Huntington Station,10787,350 Walt Whitman Road,(516) 587-5321,https://www.wholefoodsmarket.com/stores/huntingtonstation
Arizona,Phoenix,Paradise Valley Mall,10788,12500 N Tatum Blvd,(602) 569-7600,https://www.wholefoodsmarket.com/stores/paradisevalleymall
Michigan,Kentwood,Grand Rapids,10790,2897 Radcliff Ave SE,(616) 226-8880,https://www.wholefoodsmarket.com/stores/grandrapids
New Mexico,Albuquerque,Albuquerque,10791,2100 Carlisle Blvd NE,(505) 260-1366,https://www.wholefoodsmarket.com/stores/albuquerque
Wyoming,Jackson,Jackson Wyoming,10792,1155 S Highway 89,(307) 733-0450,https://www.wholefoodsmarket.com/stores/jacksonwyoming
Florida,St. Petersburg,St. Petersburg,10793,201 38th Ave N,(727) 342-1055,https://www.wholefoodsmarket.com/stores/st.petersburg
Connecticut,South Windsor,South Windsor,10794,800 Evergreen Way,(860) 474-4100,https://www.wholefoodsmarket.com/stores/southwindsor
Virginia,Springfield,Springfield Plaza,10795,6426 Springfield Plaza,(703) 644-2500,https://www.wholefoodsmarket.com/stores/springfieldplaza
Kansas,Overland Park,Overland Park,10800,11900 Metcalf Ave,(913) 663-2951,https://www.wholefoodsmarket.com/stores/overlandpark
Massachusetts,Hyannis,Hyannis,10801,790 Iyannough Road,(508) 418-5900,https://www.wholefoodsmarket.com/stores/hyannis
Florida,Boynton Beach,Boynton Beach,10805,7395 Boynton Beach Blvd,(561) 327-6270,https://www.wholefoodsmarket.com/stores/boyntonbeach
Pennsylvania,Doylestown,Doylestown,10809,1745 South Easton Road,(267) 915-6880,https://www.wholefoodsmarket.com/stores/doylestown
Connecticut,Stamford,Stamford,10818,110 High Ridge Road,(203) 539-6535,https://www.wholefoodsmarket.com/stores/stamford
New York,New York,Lenox Hill,10838,1175 3rd Ave,(646) 690-6880,https://www.wholefoodsmarket.com/stores/lenoxhill
Florida,Boca Raton,West Boca Raton,10839,9560 Glades Road,(561) 922-5977,https://www.wholefoodsmarket.com/stores/westbocaraton
New Hampshire,Nashua,Nashua South,10843,272 Daniel Webster Hwy,(603) 318-3000,https://www.wholefoodsmarket.com/stores/nashuasouth
